[{"/home/lerko/Documents/dev_12301/www/html/Service/Library/Business/CityCard/FzSdk.class.php": "UTF-8"}, {"/home/lerko/.config/sublime-text-3/Packages/User/Preferences.sublime-settings": "ASCII"}, {"/home/lerko/Documents/dev_12301/www/html/Service/Controller/Mall/ProductV2.class.php": "UTF-8"}, {"/home/lerko/Documents/dev_12301/www/html/Service/Test/\u5c0f\u7a0b\u5e8f\u914d\u7f6e/\u5c0f\u7a0b\u5e8f\u914d\u7f6e.sql": "ASCII"}, {"/home/lerko/Documents/dev_12301/www/html/Service/Test/test.sql": "UTF-8"}, {"/home/lerko/Documents/dev_12301/www/html/alipay/.gitignore": "ASCII"}, {"/home/lerko/Documents/dev_12301/www/html/Service/Conf/fz_citycard.conf.php": "UTF-8"}, {"/home/lerko/Documents/dev_12301/www/html/Service/Controller/pay/fzCityCard.class.php": "UTF-8"}, {"/home/lerko/.config/sublime-text-3/Packages/SQLTools/SQLToolsConnections.sublime-settings": "ASCII"}, {"/home/lerko/Documents/dev_12301/www/html/Service/Controller/Mall/Member.class.php": "UTF-8"}, {"/home/lerko/Documents/dev_12301/www/html/Service/Controller/Mall/Order.class.php": "UTF-8"}, {"/home/lerko/Documents/dev_12301/www/html/Service/Process/Product/Settle/MallProductSettle.class.php": "UTF-8"}, {"/home/lerko/Documents/dev_12301/www/html/Service/Controller/Mall/Product.class.php": "UTF-8"}, {"/home/lerko/Documents/dev_12301/www/html/Service/Library/RateLimit/RateLimit.class.php": "ASCII"}, {"/home/lerko/Documents/dev_12301/www/html/Service/Library/RateLimit/Adapter.class.php": "ASCII"}, {"/home/lerko/Documents/dev_12301/www/html/Service/Library/RateLimit/Adapter/RedisCustomClient.class.php": "ASCII"}, {"/home/lerko/Documents/dev_12301/www/html/Service/Library/RateLimit/Adapter/Redis.class.php": "ASCII"}, {"/home/lerko/Documents/dev_12301/www/html/Service/Business/Product/ProductList.class.php": "UTF-8"}, {"/home/lerko/Documents/dev_12301/www/html/Service/Business/PftSystem/FaceCompare.class.php": "UTF-8"}, {"/home/lerko/Documents/dev_12301/www/html/Service/Controller/terminal/index.class.php": "UTF-8"}, {"/home/lerko/boot/lhosts": "UTF-8"}, {"/home/lerko/Documents/dev_12301/www/html/Service/Api/V1/DC.class.php": "UTF-8"}, {"/home/lerko/Documents/dev_12301/www/html/Service/sftp-config.json": "ASCII"}, {"/home/lerko/Documents/dev_12301/www/html/alipay/certs/wepay/16u/apiclient_cert.pem": "ASCII"}, {"/home/lerko/Downloads/php-src-master/build/shtool": "ASCII"}, {"/home/lerko/Downloads/php-src-master/LICENSE": "ASCII"}, {"/home/lerko/Downloads/php-src-master/vcsclean": "ASCII"}, {"/home/lerko/Downloads/php-src-master/server-tests-config.php": "ASCII"}, {"/home/lerko/Downloads/php-src-master/php7.spec.in": "ASCII"}, {"/home/lerko/Downloads/php-src-master/config.sub": "ASCII"}, {"/home/lerko/Downloads/php-src-master/Makefile.frag": "ASCII"}, {"/home/lerko/Downloads/php-src-master/CREDITS": "ASCII"}, {"/home/lerko/Downloads/php-src-master/travis/compile.sh": "ASCII"}, {"/home/lerko/Downloads/php-src-master/README.UNIX-BUILD-SYSTEM": "ASCII"}, {"/home/lerko/Downloads/php-src-master/README.TESTING": "ASCII"}, {"/home/lerko/Downloads/php-src-master/Makefile.gcov": "ASCII"}, {"/home/lerko/Downloads/php-src-master/.gdbinit": "ASCII"}, {"/home/lerko/Downloads/php-src-master/ltmain.sh": "ASCII"}, {"/home/lerko/Documents/dev_12301/www/html/chenyingqiao.github.io/_site/project/vue\u540e\u53f0/node_modules/readdirp/node_modules/readable-stream/lib/internal/streams/BufferList.js": "ASCII"}, {"/home/lerko/Documents/dev_12301/www/html/TerminalWebSocketServer/apps/service/Command.php": "ASCII"}, {"/home/lerko/Documents/dev_12301/www/html/TerminalWebSocketServer/config/default/httplocal/javaapi.php": "ASCII"}, {"/home/lerko/Documents/dev_12301/www/html/TerminalWebSocketServer/kill.php": "ASCII"}, {"/home/lerko/Documents/dev_12301/www/html/TerminalWebSocketServer/zphp/ZPHP/Manager/Beanstalk.php": "ASCII"}, {"/home/lerko/Documents/dev_12301/www/html/TerminalWebSocketServer/.gitignore": "ASCII"}, {"/home/lerko/Documents/dev_12301/www/html/TerminalWebSocketServer/zphp/ZPHP/Common/Terminal.php": "ASCII"}, {"/home/lerko/Desktop/SM": "ASCII"}, {"/home/lerko/Documents/dev_12301/www/html/chenyingqiao.github.io/Gruntfile.js": "ASCII"}, {"/home/lerko/Documents/dev_12301/www/html/Service/Library/Tools/RequestSign.class.php": "UTF-8"}, {"/home/lerko/Documents/dev_12301/www/html/chenyingqiao.github.io/_posts/2018-4-17-\u57fa\u4e8egit\u5206\u652f\u6bd4\u8f83\u7684sftp\u6587\u4ef6\u4e0a\u4f20\u811a\u672c.markdown": "UTF-8"}, {"/home/lerko/Documents/dev_12301/www/html/Service/Business/Order/FzCityCard.class.php": "UTF-8"}, {"/home/lerko/Documents/dev_12301/www/html/chenyingqiao.github.io/feed.xml": "ASCII"}, {"/home/lerko/Documents/dev_12301/www/html/Service/image.txt": "ASCII"}, {"/home/lerko/Documents/dev_12301/www/html/Service/Controller/Mall/Mall.class.php": "UTF-8"}, {"/home/lerko/Documents/dev_12301/www/html/Service/Model/Member/FzCitizenCardAuth.class.php": "UTF-8"}, {"/home/lerko/Documents/dev_12301/www/html/Service/Model/Product/Evolute.class.php": "UTF-8"}, {"/home/lerko/Documents/dev_12301/www/html/Service/Model/Product/Ticket.class.php": "UTF-8"}, {"/home/lerko/Documents/dev_12301/www/html/wx/api/index.php": "UTF-8"}, {"/home/lerko/Documents/dev_12301/www/html/open/openService/ServerInside.class.php": "UTF-8"}, {"/home/lerko/Documents/dev_12301/www/html/TerminalWebSocketServer/apps/dao/Base.php": "UTF-8"}, {"/home/lerko/Documents/dev_12301/www/html/TerminalWebSocketServer/autoload.php": "ASCII"}, {"/home/lerko/Documents/dev_12301/www/html/TerminalWebSocketServer/job_test.php": "ASCII"}, {"/home/lerko/Documents/dev_12301/www/html/TerminalWebSocketServer/phpunit.xml": "ASCII"}, {"/home/lerko/Documents/dev_12301/www/html/TerminalWebSocketServer/zphp/build.php": "ASCII"}, {"/home/lerko/Documents/dev_12301/www/html/TerminalWebSocketServer/zphp/ZPHP/Rank/Factory.php": "ASCII"}, {"/home/lerko/Documents/dev_12301/www/html/Service/Controller/pay/WxPay.class.php": "UTF-8"}, {"/home/lerko/Documents/dev_12301/www/html/TerminalWebSocketServer/apps/command/Command.php": "ASCII"}, {"/home/lerko/Documents/dev_12301/www/html/TerminalWebSocketServer/apps/command/BaseCommand.php": "ASCII"}, {"/home/lerko/Documents/dev_12301/www/html/TerminalWebSocketServer/apps/common/ApiSender/TcpSender.php": "ASCII"}, {"/home/lerko/Documents/dev_12301/www/html/TerminalWebSocketServer/apps/common/ApiSender/WebsocketSender.php": "ASCII"}, {"/home/lerko/Documents/dev_12301/www/html/TerminalWebSocketServer/testScripts/ws.php": "ASCII"}, {"/home/lerko/Documents/dev_12301/www/html/TerminalWebSocketServer/testScripts/getClients.php": "ASCII"}, {"/home/lerko/Documents/dev_12301/www/html/TerminalWebSocketServer/testScripts/sendMsgAuto.php": "ASCII"}, {"/home/lerko/Documents/dev_12301/www/html/TerminalWebSocketServer/testScripts/websocketServer.php": "ASCII"}, {"/home/lerko/Documents/dev_12301/www/html/Service/Controller/Mall/OrderV2.class.php": "UTF-8"}, {"/home/lerko/Documents/dev_12301/www/html/Service/Model/Member/Member.class.php": "UTF-8"}, {"/home/lerko/Documents/dev_12301/www/html/Service/Controller/Admin/MemberManage.class.php": "UTF-8"}, {"/home/lerko/Documents/dev_12301/www/html/Service/.gitignore": "ASCII"}, {"/home/lerko/Documents/dev_12301/www/html/Service/Process/Finance/TradeRecord.class.php": "UTF-8"}, {"/home/lerko/Documents/dev_12301/www/html/Service/Controller/Finance/TradeRecord.class.php": "UTF-8"}, {"/home/lerko/boot/git_merge_master": "ASCII"}, {"/home/lerko/Documents/dev_12301/www/html/Service/Conf/trade_record.conf.php": "UTF-8"}, {"/home/lerko/Documents/dev_12301/www/html/Service/Controller/pay/Alipay.class.php": "UTF-8"}, {"/home/lerko/Documents/dev_12301/www/html/Service/Business/Order/Payment.class.php": "UTF-8"}, {"/home/lerko/.config/sublime-text-3/Packages/phpfmt/message": "ASCII"}, {"/home/lerko/Documents/dev_12301/www/html/Service/Business/Order/CombinePayBookSubmit.class.php": "UTF-8"}, {"/home/lerko/Documents/dev_12301/www/html/Service/Test/\u5408\u5e76\u4ed8\u6b3e/mergepay.sql": "UTF-8"}, {"/home/lerko/.config/sublime-text-3/Packages/User/SublimeLinter.sublime-settings": "ASCII"}, {"/home/lerko/Documents/dev_12301/www/h5/PFT_Clund_Manager_Vue/.babelrc": "ASCII"}, {"/home/lerko/Documents/dev_12301/www/html/Service/Conf/config_local.php": "UTF-8"}, {"/home/lerko/Documents/dev_12301/www/html/Service/Api/Order.class.php": "UTF-8"}, {"/home/lerko/Documents/dev_12301/www/html/Service/init.php": "UTF-8"}, {"/home/lerko/Documents/dev_12301/www/h5/PFT_Clund_Manager_Vue/src/renderer/config/index.js": "UTF-8"}, {"/home/lerko/Documents/dev_12301/www/html/Service/Api/V1/Terminal.class.php": "UTF-8"}, {"/home/lerko/.deepinwine/Deepin-TIM/dosdevices/c:/users/lerko/My Documents/Tencent Files/614325722/FileRecv/a.txt": "ASCII"}, {"/home/lerko/Documents/dev_12301/www/html/Service/Model/TradeRecord/PftTransReport.class.php": "UTF-8"}, {"/home/lerko/Documents/dev_12301/www/html/Service/Conf/config_production.php": "UTF-8"}, {"/home/lerko/Documents/dev_12301/www/html/Service/Business/Member/Session.class.php": "UTF-8"}, {"/home/lerko/Documents/dev_12301/www/html/Service/Library/Tools/Vcode.class.php": "UTF-8"}, {"/home/lerko/Documents/dev_12301/www/html/Service/Controller/Member/Login.class.php": "UTF-8"}, {"/home/lerko/Documents/dev_12301/www/html/Service/Controller/Member/MemberInfo.class.php": "UTF-8"}]