[{"/home/chen/.config/sublime-text-3/Packages/User/Xdebug.sublime-settings": "UTF-8"}, {"/home/chen/.config/sublime-text-3/Packages/User/Preferences.sublime-settings": "ASCII"}, {"/home/chen/.config/sublime-text-3/Packages/User/Package Control.sublime-settings": "ASCII"}, {"/home/chen/.config/sublime-text-3/Packages/Default/Preferences.sublime-settings": "ASCII"}, {"/var/www/html/personal_blog/public/index.php": "ASCII"}, {"/var/www/html/personal_blog/vendor/laravel/framework/src/Illuminate/Routing/Route.php": "ASCII"}, {"/var/www/html/personal_blog/routes/web.php": "ASCII"}, {"/var/www/html/personal_blog/resources/views/welcome.blade.php": "ASCII"}, {"/var/www/html/personal_blog/docker_personal_blog.sublime-project": "ASCII"}, {"/home/chen/docker/nginx/www/personal_blog/artisan": "ASCII"}, {"/home/chen/docker/nginx/www/personal_blog/docker_personal_blog.sublime-project": "ASCII"}, {"/home/chen/docker/nginx/www/personal_blog/.gitattributes": "ASCII"}, {"/var/www/html/personal_blog/personal_blog.sublime-project": "ASCII"}, {"/home/chen/.config/sublime-text-3/Packages/ColorPicker/ColorPicker.sublime-settings": "ASCII"}, {"/var/www/html/personal_blog/app/Http/Controllers/Controller.php": "ASCII"}, {"/var/www/html/personal_blog/app/Console/Kernel.php": "ASCII"}, {"/var/www/html/personal_blog/app/Exceptions/Handler.php": "ASCII"}, {"/var/www/html/personal_blog/vendor/laravel/framework/src/Illuminate/Foundation/Auth/Access/AuthorizesRequests.php": "ASCII"}, {"/var/www/html/personal_blog/.env": "ASCII"}, {"/home/chen/\u6587\u6863/html/webpack/3dbox.html": "UTF-8"}, {"/home/chen/\u6587\u6863/html/webpack/index.html": "ASCII"}, {"/home/chen/\u6587\u6863/html/webpack/laravel-elixir.js": "ASCII"}, {"/home/chen/.config/sublime-text-3/Packages/User/LiveReload.sublime-settings": "ASCII"}, {"/home/chen/\u6587\u6863/html/webpack/build/index.html": "ASCII"}, {"/home/chen/.config/sublime-text-3/Packages/LiveReload/LiveReload.sublime-settings": "ASCII"}, {"/home/chen/\u6587\u6863/html/webpack/app2/style.css": "ASCII"}, {"/home/chen/\u6587\u6863/html/webpack/package.json": "ASCII"}, {"/home/chen/python_workspace/weixin/weixin.py": "UTF-8"}, {"/home/chen/\u6587\u6863/html/webpack/webpack.config.js": "UTF-8"}, {"/home/chen/\u6587\u6863/html/webpack/build/app2bundle.js.map": "ASCII"}, {"/home/chen/\u6587\u6863/githubPage/project/webpack/bundle.js": "ASCII"}, {"/home/chen/\u6587\u6863/html/vue\u540e\u53f0/css/parallax.css": "ASCII"}, {"/home/chen/\u6587\u6863/html/vue\u540e\u53f0/webpack.html": "UTF-8"}, {"/home/chen/\u684c\u9762/flv.js/gulpfile.js": "ASCII"}, {"/home/chen/\u6587\u6863/githubPage/project/webpack/entry.js": "ASCII"}, {"/home/chen/\u6587\u6863/githubPage/project/webpack/export.js": "ASCII"}, {"/home/chen/\u6587\u6863/githubPage/project/webpack/index.html": "ASCII"}, {"/home/chen/\u6587\u6863/html/webpack/bundle.js": "ASCII"}, {"/home/chen/\u6587\u6863/html/webpack/entry.js": "ASCII"}, {"/home/chen/\u6587\u6863/html/webpack/export.js": "ASCII"}, {"/home/chen/\u6587\u6863/markdown\u6587\u6863\u526f\u672c/php/framwork/laravel/\u5165\u95e8laravel.md": "UTF-8"}, {"/home/chen/\u6587\u6863/html/vue\u540e\u53f0/index.html": "UTF-8"}, {"/home/chen/\u6587\u6863/html/browserify/bundle.js": "ASCII"}, {"/home/chen/\u684c\u9762/flv.js/src/utils/polyfill.js": "ASCII"}, {"/home/chen/\u684c\u9762/flv.js/src/utils/browser.js": "ASCII"}, {"/home/chen/\u684c\u9762/flv.js/d.ts/flv.d.ts": "ASCII"}, {"/home/chen/\u6587\u6863/html/browserify/node_modules/uniq/README.md": "ASCII"}, {"/home/chen/\u6587\u6863/html/browserify/package.json": "ASCII"}, {"/home/chen/\u6587\u6863/html/vue\u540e\u53f0/gulpfile.js": "ASCII"}, {"/home/chen/.config/sublime-text-3/Packages/User/Default (Linux).sublime-keymap": "ASCII"}, {"/home/chen/\u6587\u6863/markdown\u6587\u6863\u526f\u672c/Linux/MySQL \u5141\u8bb8\u8fdc\u7a0b\u7528\u6237\u6388\u6743\u8bbf\u95ee.md": "UTF-8"}, {"/home/chen/\u6587\u6863/githubPage/_posts/2016-12-15-pherodocs.markdown": "UTF-8"}, {"/home/chen/\u6587\u6863/githubPage/_posts/2016-12-18-nginx\u670d\u52a1\u5668\u914d\u7f6e.markdown": "UTF-8"}, {"/home/chen/\u6587\u6863/githubPage/_posts/2016-12-23-mysql\u4e3b\u4ece\u914d\u7f6edocker.markdown": "UTF-8"}, {"/home/chen/\u6587\u6863/githubPage/_posts/2016-12-23-hah.markdown": "UTF-8"}, {"/home/chen/\u6587\u6863/githubPage/about.html": "ASCII"}, {"/home/chen/\u6587\u6863/githubPage/_includes/head.html": "ASCII"}, {"/home/chen/\u6587\u6863/githubPage/feed.xml": "ASCII"}, {"/home/chen/python_workspace/weixin/Lib/Jang.py": "ASCII"}, {"/home/chen/python_workspace/weixin/jiangzuo.py": "UTF-8"}, {"/home/chen/\u6587\u6863/githubPage/_posts/2016-12-15-docker\u7b14\u8bb0.markdown": "UTF-8"}, {"/home/chen/\u6587\u6863/githubPage/_posts/2016-12-18-linux ps\u8fdb\u7a0b\u7ba1\u7406\u547d\u4ee4.markdown": "UTF-8"}, {"/home/chen/\u6587\u6863/githubPage/_posts/2016-12-18-linux\u8ba1\u5212\u4efb\u52a1Crontab\u5de5\u5177.markdown": "UTF-8"}, {"/home/chen/\u6587\u6863/githubPage/README.zh.md": "ASCII"}, {"/home/chen/\u6587\u6863/githubPage/README.md": "ASCII"}, {"/home/chen/\u6587\u6863/markdown\u6587\u6863\u526f\u672c/Android/\u67e5\u770bjks\u7b7e\u540d\u6587\u4ef6.md": "ASCII"}, {"/home/chen/\u6587\u6863/markdown\u6587\u6863\u526f\u672c/\u5e73\u65f6\u7b14\u8bb0/android \u73af\u4fe1\u7ee7\u627f": "ASCII"}, {"/var/www/html/test/PHero/vendor/lerko/p-hero/README.md": "UTF-8"}, {"/home/chen/\u6587\u6863/githubPage/_includes/nav.html": "ASCII"}, {"/home/chen/\u6587\u6863/githubPage/_config.yml": "UTF-8"}, {"/home/chen/\u6587\u6863/githubPage/package.json": "ASCII"}, {"/home/chen/\u6587\u6863/githubPage/Gruntfile.js": "ASCII"}, {"/home/chen/\u6587\u6863/githubPage/pwa/manifest.json": "ASCII"}, {"/home/chen/\u6587\u6863/githubPage/_layouts/default.html": "ASCII"}, {"/home/chen/\u6587\u6863/githubPage/CNAME": "ASCII"}, {"/home/chen/\u6587\u6863/githubPage/_site/2016/11/11/fucktest/index.html": "ASCII"}, {"/home/chen/\u6587\u6863/githubPage/_site/css/syntax.css": "ASCII"}, {"/home/chen/\u6587\u6863/githubPage/less/variables.less": "ASCII"}, {"/home/chen/c_workspace/test.c": "ASCII"}, {"/home/chen/c_workspace/build-QtTest-qt-Debug/moc_mainwindow.cpp": "ASCII"}, {"/home/chen/c_workspace/DataStructure/tree.h": "ASCII"}, {"/home/chen/c_workspace/DataStructure/tree.c": "ASCII"}, {"/home/chen/c_workspace/QtTest/QtTest.pro": "ASCII"}, {"/home/chen/c_workspace/QtTest/main.cpp": "ASCII"}, {"/home/chen/c_workspace/mycgi.c": "ASCII"}, {"/home/chen/python_workspace/\u65b9\u6b63\u7cfb\u7edf/weixin.py": "UTF-8"}, {"/home/chen/python_workspace/\u65b9\u6b63\u7cfb\u7edf/weixintest.py": "UTF-8"}, {"/var/www/html/test/PHero/vendor/lerko/p-hero/src/Phero/Database/Realize/Constraint/WhereConstraint.php": "UTF-8"}, {"/var/www/html/test/PHero/vendor/lerko/p-hero/src/Phero/Database/Traint/DbUnitBase.php": "UTF-8"}, {"/var/www/html/test/PHero/vendor/lerko/p-hero/src/Phero/Database/DbUnit.php": "UTF-8"}, {"/var/www/html/test/PHero/index.php": "UTF-8"}, {"/var/www/html/test/PHero/vendor/lerko/p-hero/test/PheroTest/DatabaseTest/Unit/video_user.php": "ASCII"}, {"/var/www/html/testPro/vendor/lerko/p-hero/test/PheroTest/DatabaseTest/Unit/video_user.php": "ASCII"}, {"/var/www/html/testPro/vendor/almasaeed2010/adminlte/pages/tables/data.html": "ASCII"}, {"/var/www/html/testPro/vendor/almasaeed2010/adminlte/pages/tables/simple.html": "ASCII"}, {"/var/www/html/testPro/vendor/almasaeed2010/adminlte/index.html": "ASCII"}, {"/var/www/html/test/PHero/vendor/lerko/p-hero/src/Phero/Database/Realize/MysqlDbHelp.php": "UTF-8"}, {"/var/www/html/test/PHero/vendor/lerko/p-hero/src/Phero/Config.php": "ASCII"}, {"/home/chen/python_workspace/\u65b9\u6b63\u7cfb\u7edf/login.py": "UTF-8"}, {"/home/chen/\u684c\u9762/sn:F83C767EF4821A367D09F84A2B4C0E43A6F3CFE84FD1ED3": "UTF-8"}]